id,title,priority,status,assignee_id,related_document_id,created_at
1,Fryer #2 not holding temperature,High,Open,101,2,2026-09-20T09:15:00
2,Fryer filter paper running low,Low,Open,102,2,2026-09-22T14:00:00
3,Walk-in door gasket torn and cooler drifting warm,Critical,In-Progress,103,3,2026-09-24T07:30:00
4,Walk-in temperature log missing Sunday entries,High,Open,101,3,2026-09-25T08:10:00
5,Steak rest-time chart illegible at the pass,Low,Open,102,1,2026-09-15T16:45:00
6,Deck oven running 25F hot,High,Open,105,6,2026-09-18T10:20:00
7,Allergen labels missing on house sauces,Critical,Open,106,4,2026-09-26T11:05:00
8,Grill hood filters overdue for cleaning,High,Open,101,10,2026-09-11T13:30:00
9,New hire missing knife-safety sign-off,Medium,Open,106,7,2026-09-12T15:00:00
10,Creme brulee torch fuel shortage,Medium,Open,105,5,2026-09-19T12:00:00
11,Fryer oil disposal pickup missed,Medium,Resolved,106,2,2026-09-05T09:00:00
12,Walk-in compressor service contract renewal,Medium,Closed,104,9,2026-08-28T10:00:00
13,Dish pit drain running slow,Low,Open,102,,2026-09-21T18:30:00
14,Flat-top scraper blade broken,Medium,In-Progress,102,1,2026-09-23T17:15:00
15,Sanitizer test strips out of stock,High,Open,104,4,2026-09-24T09:40:00
16,Fryer basket handle cracked,Medium,Open,101,2,2026-09-27T08:00:00
17,Proofer humidity sensor faulty,Medium,Open,103,6,2026-09-26T14:20:00
